ID,Name,FullName,URL,Description,Size(KB),Created,Updated,Language,Forks,Msg Type,RobotType,Manipulation,Cardinality,Goal,Field,Msg Type Clean
R100,ROS2-Self-Driving-Car-AI-using-OpenCV,noshluk2/ROS2-Self-Driving-Car-AI-using-OpenCV,https://github.com/noshluk2/ROS2-Self-Driving-Car-AI-using-OpenCV,ROS2 Self Driving Car using Deeplearning and Object Tracking through openCV,122982.0,2021-06-19T05:25:42Z,2024-06-21T13:12:23Z,Python,43.0,Twist and Image and Odometry,Grounded,NO,Single,Education andSimulation,,Twist and Image and Odometry
R112,ros2_torch_trt,NVIDIA-AI-IOT/ros2_torch_trt,https://github.com/NVIDIA-AI-IOT/ros2_torch_trt,ROS 2 packages for PyTorch and TensorRT for real-time classification and object detection on Jetson Platforms,5017.0,2020-11-11T18:57:42Z,2024-06-23T08:39:47Z,Python,14.0,Detection2DArray and Classification2D and Image,,,,Object Recognition,,Detection2DArray and Classification2D and Image
R12,patchwork-plusplus-ros,url-kaist/patchwork-plusplus-ros,https://github.com/url-kaist/patchwork-plusplus-ros,ROS & ROS2 Implementation of Patchwork++,27431.0,2022-07-26T13:12:05Z,2024-07-04T14:56:10Z,C++,66.0,PointCloud2,Grounded,,Single,Navigation,Autonomous Vehicle,PointCloud2
R122,ROS2swarm,ROS2swarm/ROS2swarm,https://github.com/ROS2swarm/ROS2swarm,A ROS 2 package providing an easy-to-extend framework for and library of swarm behaviors.,10086.0,2022-08-16T20:07:11Z,2024-05-18T07:58:58Z,Python,12.0,Twist and ModelStatesStamped and PoseWithCovarianceStamped and OpinionMessage and DoubleMessage and OpinionMACMessage and RangeData and StringMessage and Int8Message and LaserScan and Range and MagneticField and Image,Aerial,NO,Multiple,Control and Simulation,,Twist and ModelStatesStamped and PoseWithCovarianceStamped and OpinionMessage and DoubleMessage and OpinionMACMessage and RangeData and StringMessage and Int8Message and LaserScan and Range and MagneticField and Image
R124,scout_ros,agilexrobotics/scout_ros,https://github.com/agilexrobotics/scout_ros,This repository ROS package is suit for scout 2 and scout mini,20590.0,2021-03-01T02:24:04Z,2024-06-26T07:50:54Z,C++,41.0,-,Grounded,NO,Single,Driver and Simulation,Education,-
R143,BEVFusion-ROS-TensorRT,linClubs/BEVFusion-ROS-TensorRT,https://github.com/linClubs/BEVFusion-ROS-TensorRT,BEVFusion-ROS-TensorRT-CPP real time inference including ros1 & ros2.,69866.0,2023-10-11T15:18:14Z,2024-06-30T18:04:36Z,Python,22.0,-,Grounded,NO,Single,Object Recognition,Autonomous Vehicle,-
R163,ros2_mindvision_camera,chenjunnn/ros2_mindvision_camera,https://github.com/chenjunnn/ros2_mindvision_camera,ROS2 MindVision ç›¸æœºåŒ…,8659.0,2022-02-15T08:01:46Z,2024-06-03T19:46:54Z,C,12.0,-,,,,Visualization and Driver,,-
R166,magician_ros2,jkaniuka/magician_ros2,https://github.com/jkaniuka/magician_ros2,ROS 2 control stack for Dobot Magician educational manipulator.,18817.0,2023-10-05T22:56:43Z,2024-06-28T10:08:05Z,Python,10.0,DiagnosticArray and JointState and PoseStamped and Float64MultiArray and Marker and GripperControl and GripperStatus and DobotAlarmCodes and Float64MultiArray ,Grounded,YES,Single,Driver and Manipulation,Industry,DiagnosticArray and JointState and PoseStamped and Float64MultiArray and Marker and GripperControl and GripperStatus and DobotAlarmCodes and Float64MultiArray
R178,YOLOv5-ROS,Ar-Ray-code/YOLOv5-ROS,https://github.com/Ar-Ray-code/YOLOv5-ROS,YOLOv5 + ROS2 object detection package (Does not circumvent the AGPL),13992.0,2022-02-09T00:55:01Z,2024-06-24T05:42:48Z,Python,21.0,BoundingBoxes and Image,,,,Object Recognition,,BoundingBoxes and Image
R18,ROS2-Ultimate-guide-for-Custom-Robotic-Arms-and-Panda-7-DOF,noshluk2/ROS2-Ultimate-guide-for-Custom-Robotic-Arms-and-Panda-7-DOF,https://github.com/noshluk2/ROS2-Ultimate-guide-for-Custom-Robotic-Arms-and-Panda-7-DOF,ROS2 based custom robotic arm with ros2_control,23422.0,2019-05-30T00:35:01Z,2024-07-05T05:12:55Z,Jupyter Notebook,33.0,JointTrajectory,Grounded,YES,Single,Simulation,Industry,JointTrajectory
R181,robotic_arm_environment,dvalenciar/robotic_arm_environment,https://github.com/dvalenciar/robotic_arm_environment,"Doosan robotic arm, simulation, control, visualization in Gazebo and ROS2 for Reinforcement Learning.",5740.0,2021-10-14T14:29:27Z,2024-07-05T06:51:38Z,Python,24.0,JointTrajectory and Marker and ModelStates and JointState and ContactsState,Grounded,YES,Single,Simulation,Industry,JointTrajectory and Marker and ModelStates and JointState and ContactsState
R183,ROS2-Autonomous-Driving-and-Navigation-SLAM-with-TurtleBot3,noshluk2/ROS2-Autonomous-Driving-and-Navigation-SLAM-with-TurtleBot3,https://github.com/noshluk2/ROS2-Autonomous-Driving-and-Navigation-SLAM-with-TurtleBot3,This is repository for the course ROS2 Autonomous Driving and SLAM using NAV2 with TurtleBot3 on Udemy.,46048.0,2019-07-08T20:26:58Z,2024-06-20T06:07:57Z,Python,27.0,OccupancyGrid,Grounded,NO,Single,Education and Navigation,Education,OccupancyGrid
R192,interbotix_ros_manipulators,Interbotix/interbotix_ros_manipulators,https://github.com/Interbotix/interbotix_ros_manipulators,,14339.0,2020-10-22T18:46:20Z,2024-07-01T16:32:29Z,Python,75.0,ArmJoy and Joy and JointGroupCommand and JointState,Grounded,YES,Single,Manipulation and Driver,Industry,ArmJoy and Joy and JointGroupCommand and JointState
R193,crazyflie_ros2_experimental,knmcguire/crazyflie_ros2_experimental,https://github.com/knmcguire/crazyflie_ros2_experimental,,26056.0,2022-05-20T08:12:56Z,2024-05-01T00:04:03Z,Python,12.0,Twist and LaserScan and Range and Odometry and OccupancyGrid,Aerial,NO,Single,Education and Navigation,Education,Twist and LaserScan and Range and Odometry and OccupancyGrid
R220,vizanti,MoffKalast/vizanti,https://github.com/MoffKalast/vizanti,A mission planner and visualizer for controlling outdoor ROS robots.,4803.0,2023-04-26T16:53:58Z,2024-06-25T09:22:52Z,JavaScript,26.0,TFMessage and PoseArray and GridCells and MarkerArray and OccupancyGrid and Path and PoseStamped and Bool and ParticleCloud and Empty and ParameterEvent,,NO,,Visualization,,TFMessage and PoseArray and GridCells and MarkerArray and OccupancyGrid and Path and PoseStamped and Bool and ParticleCloud and Empty and ParameterEvent
R221,ros2_pi_gpio,mlherd/ros2_pi_gpio,https://github.com/mlherd/ros2_pi_gpio,ROS 2 package to control Raspberry Pi GPIO pins,12043.0,2020-04-11T00:28:29Z,2024-06-23T11:06:48Z,Python,10.0,-,,YES,Single,Driver and Manipulation,Industry,-
R236,ROS2-Raspberry-PI-Intelligent-Vision-Robot,noshluk2/ROS2-Raspberry-PI-Intelligent-Vision-Robot,https://github.com/noshluk2/ROS2-Raspberry-PI-Intelligent-Vision-Robot,This repository is based on Raspberry pi,39318.0,2022-06-15T15:28:10Z,2024-02-04T16:10:59Z,Python,15.0,Int16 and Image and LaserScan and Twist,Grounded,NO,Single,Object Recognition,,Int16 and Image and LaserScan and Twist
R240,vins-application,engcang/vins-application,https://github.com/engcang/vins-application,"VINS-Fusion, VINS-Fisheye, OpenVINS, EnVIO, ROVIO, S-MSCKF, ORB-SLAM2, NVIDIA Elbrus application of different sets of cameras and imu on different board including desktop and Jetson boards",90044.0,2019-04-15T14:50:12Z,2024-06-30T17:29:51Z,C++,84.0,-,,NO,,Driver,,-
R313,ros2_hik_camera,nolem-77/ros2_hik_camera,https://github.com/nolem-77/ros2_hik_camera,A ROS2 packge for Hikvision USB3.0 industrial camera,7147.0,2022-04-15T10:02:35Z,2023-10-08T05:33:32Z,C,10.0,-,,NO,,Object Recognition,,-
R321,ROSConDemo,o3de/ROSConDemo,https://github.com/o3de/ROSConDemo,A robotic fruit picking demo project for O3DE with ROS 2 Gem,26821.0,2022-07-29T03:09:00Z,2024-06-11T19:23:52Z,C++,21.0,AckermannDrive and Detection3DArray and Float32 and String and PoseStamped and Twist and Joy and Log,Grounded,YES,Multiple,Simulation and Manipulation and Navigation,Agriculture,AckermannDrive and Detection3DArray and Float32 and String and PoseStamped and Twist and Joy and Log
R35,FogROS2,BerkeleyAutomation/FogROS2,https://github.com/BerkeleyAutomation/FogROS2,An Adaptive and Extensible Platform for Cloud and Fog Robotics Using ROS 2,89371.0,2022-02-01T20:27:23Z,2024-06-24T08:01:49Z,Python,28.0,String,,,,Infrastructure,,String
R358,rclex,rclex/rclex,https://github.com/rclex/rclex,Rclex: ROS 2 Client Library for Elixir,9233.0,2019-12-03T14:51:13Z,2024-07-02T07:54:22Z,Elixir,11.0,-,,,,Driver,,-
R362,MicroROS-ESP32-WiFi-Controlled-Robot,noshluk2/MicroROS-ESP32-WiFi-Controlled-Robot,https://github.com/noshluk2/MicroROS-ESP32-WiFi-Controlled-Robot,ESP32 based differential drive mobile robot with MicroROS interface for Wifi controlling,137472.0,2022-03-09T10:52:17Z,2024-06-28T09:39:08Z,C++,16.0,-,Grounded,,Single,Driver and Education,,-
R370,interbotix_ros_rovers,Interbotix/interbotix_ros_rovers,https://github.com/Interbotix/interbotix_ros_rovers,ROS Packages for Interbotix Rovers,24505.0,2020-03-11T23:56:45Z,2024-06-14T20:57:11Z,Shell,29.0,LocobotJoy and Joy,Grounded,,Single,Driver and Navigation,Autonomous Vehicle,LocobotJoy and Joy
R379,ROS2-Ultimate-guide-for-Custom-Robotic-Arms-and-Kuka-Kr210,noshluk2/ROS2-Ultimate-guide-for-Custom-Robotic-Arms-and-Kuka-Kr210,https://github.com/noshluk2/ROS2-Ultimate-guide-for-Custom-Robotic-Arms-and-Kuka-Kr210,,15338.0,2021-10-12T07:28:41Z,2024-04-29T18:42:55Z,Python,11.0,JointTrajectory,Grounded,YES,Single,Driver and Manipulation,Industry,JointTrajectory
R382,neo_simulation2,neobotix/neo_simulation2,https://github.com/neobotix/neo_simulation2,ROS 2 simulation packages for the Neobotix robots,34830.0,2021-02-16T15:49:39Z,2024-07-02T18:18:28Z,Python,11.0,-,Grounded,,,Simulation and Driver,,-
R41,ROS2-Path-Planning-and-Maze-Solving,HaiderAbasi/ROS2-Path-Planning-and-Maze-Solving,https://github.com/HaiderAbasi/ROS2-Path-Planning-and-Maze-Solving,Developing a maze solving robot in ROS2 that leverages information from a drone or Satellite's camera using OpenCV algorithms to find its path to the goal and solve the maze. :),56874.0,2021-08-25T15:16:27Z,2024-06-30T10:07:36Z,Python,103.0,Twist and Image,Grounded,,Single,Education and Navigation and Simulation,Education and Autonomous Vehicle,Twist and Image
R428,zm_robot,qaz9517532846/zm_robot,https://github.com/qaz9517532846/zm_robot,the zm_robot is a AGV using four mecanum wheel driving.,27508.0,2020-08-21T07:07:27Z,2024-06-05T04:38:02Z,CMake,16.0,Twist and LoadMap and PoseWithCovarianceStamped,Grounded,NO,Single,Navigation and Simulation,Autonomous Vehicle,Twist and LoadMap and PoseWithCovarianceStamped
R43,ros2_RobotSimulation,IFRA-Cranfield/ros2_RobotSimulation,https://github.com/IFRA-Cranfield/ros2_RobotSimulation,ROS2.0 Foxy and Humble repositories which provide ready-to-use ROS2.0 Gazebo + MoveIt!2 simulation packages for different Industrial and Collaborative Robots.,42118.0,2022-07-22T10:58:55Z,2024-07-02T12:36:58Z,Python,42.0,String,Grounded,YES,,Simulation,Industry,String
R462,linorobot2,linorobot/linorobot2,https://github.com/linorobot/linorobot2,"Autonomous mobile robots (2WD, 4WD, Mecanum Drive)",16616.0,2021-08-03T19:54:54Z,2024-07-04T21:16:03Z,Python,149.0,Twist,Grounded,NO,Single,Simulation and Navigation,Autonomous Vehicle,Twist
R48,jetbot-ros2,jdgalviss/jetbot-ros2,https://github.com/jdgalviss/jetbot-ros2,ROS 2 implementation of a Teleoperated robot with live video feed using webrtc and SLAM using realsense's stereocameras. Running on a Jetson Nano,31058.0,2020-12-01T13:04:54Z,2024-06-21T07:46:28Z,Python,31.0,Twist,Grounded,,Single,Navigation,Autonomous Vehicle,Twist
R514,andino,Ekumen-OS/andino,https://github.com/Ekumen-OS/andino,Open-source diff drive robot ROS 2 compatible,9954.0,2022-11-10T20:14:49Z,2024-06-23T11:05:51Z,C++,38.0,-,Grounded,NO,Single,Education and Navigation,Education,-
R562,mycobot,tylerjw/mycobot,https://github.com/tylerjw/mycobot,myCobot on ROS 2,4444.0,2022-02-09T01:21:03Z,2024-02-29T13:21:17Z,C++,10.0,-,Grounded,YES,Single,Driver and Manipulation,,-
R584,isaac_mission_dispatch,nvidia-isaac/isaac_mission_dispatch,https://github.com/nvidia-isaac/isaac_mission_dispatch,VDA5050-compatible cloud service for fleet mission dispatch,5855.0,2022-10-17T23:17:26Z,2024-06-11T12:46:25Z,Python,13.0,-,,NO,Multiple,Control and Driver,,-
R585,SOP-Robot,ouspg/SOP-Robot,https://github.com/ouspg/SOP-Robot,Robot project for the Embedded Software Project [521275A] and Software Project [521479S],165815.0,2020-01-14T13:27:32Z,2024-05-22T12:19:48Z,HTML,26.0,String and Bool and Image and Faces and Point2,,YES,Single,Manipulation and Driver,,String and Bool and Image and Faces and Point2
R596,tortoisebot,rigbetellabs/tortoisebot,https://github.com/rigbetellabs/tortoisebot,"TortoiseBot is an extremely learner-friendly and cost-efficient ROS-based Open-sourced Mobile Robot that is capable of doing Teleoperation, Manual as well as Autonomous Mapping, Navigation, Simulation, etc.",39293.0,2021-02-07T20:30:01Z,2024-07-03T00:54:17Z,HTML,32.0,-,Grounded,NO,Single,Navigation,Education,-
R603,nanosaur,rnanosaur/nanosaur,https://github.com/rnanosaur/nanosaur,"ðŸ¦• nanosaur is a little tracked robot, powered by ROS 2. Made for NVIDIA Jetson",15598.0,2020-12-24T07:44:31Z,2024-06-11T02:33:06Z,Shell,28.0,-,Grounded,NO,Single,Education,Education,-
R615,bcr_bot,blackcoffeerobotics/bcr_bot,https://github.com/blackcoffeerobotics/bcr_bot,"A Gazebo-ROS AMR robot with differential drive, depth camera, IMU and 2D LiDAR",9865.0,2023-06-28T14:49:42Z,2024-07-04T10:33:40Z,Python,21.0,Twist,Grounded,NO,Single,Simulation and Driver and Navigation,Autonomous Vehicle,Twist
R653,Nindamani-the-weed-removal-robot,AutoRoboCulture/Nindamani-the-weed-removal-robot,https://github.com/AutoRoboCulture/Nindamani-the-weed-removal-robot,"Nindamani, the AI based mechanically weed removal robot",25116.0,2019-11-19T07:13:34Z,2024-06-04T16:35:41Z,Python,31.0,Int32 and String and Float32MultiArray,Grounded,YES,Single,Object Recognition and Manipulation,Agriculture,Int32 and String and Float32MultiArray
R69,ros2_kortex,Kinovarobotics/ros2_kortex,https://github.com/Kinovarobotics/ros2_kortex,ROS2 driver for the Gen3 Kinova robot arm,16578.0,2021-07-28T15:49:15Z,2024-07-01T06:32:04Z,Python,33.0,JointTrajectory and JointState,Grounded,YES,Single,Driver and Simulation,Industry,JointTrajectory and JointState
R73,go2_ros2_sdk,abizovnuralem/go2_ros2_sdk,https://github.com/abizovnuralem/go2_ros2_sdk,Unofficial ROS2 SDK support for Unitree GO2 AIR/PRO/EDU,153644.0,2024-02-19T18:43:34Z,2024-07-04T19:25:10Z,Python,26.0,JointState and Go2State and Detection2DArray and Image and PointCloud2 and Twist and WebRtcReq,Grounded,NO,Single,Driver and Visualization and Navigation,Education and Rescue,JointState and Go2State and Detection2DArray and Image and PointCloud2 and Twist and WebRtcReq
R740,lidarbot,TheNoobInventor/lidarbot,https://github.com/TheNoobInventor/lidarbot,"A differential drive robot is controlled using ROS2 Humble running on a Raspberry Pi 4 (running Ubuntu server 22.04). The vehicle is equipped with a raspberry pi camera for visual feedback and an RPlidar A1 sensor used for Simultaneous Localization and Mapping (SLAM), autonomous navigation and obstacle avoidance.",74937.0,2023-03-15T18:07:19Z,2024-07-05T00:29:18Z,Python,21.0,Path and Image,Grounded,NO,Single,Driver and Navigation and Object Recognition,Autonomous Vehicle,Path and Image
R75,mycobot_ros2,elephantrobotics/mycobot_ros2,https://github.com/elephantrobotics/mycobot_ros2,myCobot ROS2 package,189295.0,2022-06-06T11:33:35Z,2024-06-24T14:36:23Z,Python,20.0,JointState and Marker and MycobotCoords and Image,Grounded,YES,Single,Driver and Simulation,Industry,JointState and Marker and MycobotCoords and Image
R756,autonomous_mobile_robots,Walid-khaled/autonomous_mobile_robots,https://github.com/Walid-khaled/autonomous_mobile_robots,"This repository contains different aspects of autonomous mobile robots including motion, control, and estimation. PID, LQR, and MPC controllers for differential drive robot are developed with ROS2. In addition, some filters are covered such as particle filter and ekf for localization. ",214747.0,2022-12-02T19:44:51Z,2024-06-23T06:21:43Z,Jupyter Notebook,10.0,Twist and Odometry,Grounded,NO,Single,Driver and Navigation,Autonomous Vehicle,Twist and Odometry
R80,UnitySensors,Field-Robotics-Japan/UnitySensors,https://github.com/Field-Robotics-Japan/UnitySensors,ROS/ROS2 enabled Sensor models (Assets) on Unity,134353.0,2020-05-07T13:09:20Z,2024-06-27T12:06:34Z,C#,28.0,-,,,,Visualization,,-
R81,stretch_ros2,hello-robot/stretch_ros2,https://github.com/hello-robot/stretch_ros2,ROS 2 packages for the Stretch mobile manipulators from Hello Robot Inc.,36447.0,2021-09-14T04:54:01Z,2024-07-02T16:52:24Z,Python,22.0,Joy and Imu and Odometry and MarkerArray and BatteryState and Bool and PointCloud2 and Marker and PoseWithCovarianceStamped and LoadMap and Float64MultiArray and LaserScan and PoseStamped,Grounded,YES,Single,Driver and Navigation,Industry,Joy and Imu and Odometry and MarkerArray and BatteryState and Bool and PointCloud2 and Marker and PoseWithCovarianceStamped and LoadMap and Float64MultiArray and LaserScan and PoseStamped
R887,vortex-auv-simulator,vortexntnu/vortex-auv-simulator,https://github.com/vortexntnu/vortex-auv-simulator,An extension of the UUV-Simulator for use with Vortex NTNUs autonomous vessels,40014.0,2019-04-03T16:30:43Z,2024-07-01T13:05:42Z,C++,11.0,-,Aerial,NO,Single,Simulation,,-
R894,gisnav,hmakelin/gisnav,https://github.com/hmakelin/gisnav,Estimates airborne drone global position by matching video to map retrieved from onboard GIS server.,49310.0,2022-08-01T06:09:06Z,2024-07-01T00:26:13Z,Python,14.0,Image and Sentence and NavPVT and SensorGps and VehicleGlobalPosition,Aerial,NO,Single,Simulation and Navigation,,Image and Sentence and NavPVT and SensorGps and VehicleGlobalPosition
R95,ros2_deepstream,NVIDIA-AI-IOT/ros2_deepstream,https://github.com/NVIDIA-AI-IOT/ros2_deepstream,ROS 2 package for NVIDIA DeepStream applications on Jetson Platforms,4403.0,2020-11-11T23:49:02Z,2024-06-27T11:10:51Z,Python,15.0,Detection2DArray and Classification2D and GOObject,,,,Object Recognition,,Detection2DArray and Classification2D and GOObject
R101,gcamp_ros2_basic,Road-Balance/gcamp_ros2_basic,https://github.com/Road-Balance/gcamp_ros2_basic,,17142.0,2021-03-18T16:50:14Z,2024-05-23T12:58:28Z,Python,23.0,LaserScan and Twist and LaserScan and Int32,Grounded,NO,Single,Education and Simulation,,LaserScan and Twist and LaserScan and Int32
R102,tmr_ros2,TechmanRobotInc/tmr_ros2,https://github.com/TechmanRobotInc/tmr_ros2,TM Robots supporting ROS2 drivers and some extended external applications. (experimental) (not support the new TM S-Series),26860.0,2020-03-27T07:29:15Z,2024-06-05T07:51:05Z,C++,20.0,PoseStamped and DisplayRobotState and Image and JointState and FeedbackState and SctResponse and StaResponse and SvrResponse,Grounded,YES,Single,Driver,Industry,PoseStamped and DisplayRobotState and Image and JointState and FeedbackState and SctResponse and StaResponse and SvrResponse
R109,tesseract_ros2,tesseract-robotics/tesseract_ros2,https://github.com/tesseract-robotics/tesseract_ros2,,86876.0,2019-07-16T21:50:46Z,2024-07-04T09:40:48Z,C++,24.0,JointState and ContactResultVector and Environment and EnvironmentState and Trajectory and JointTrajectory and MarkerArray,,,,Manipulation,,JointState and ContactResultVector and Environment and EnvironmentState and Trajectory and JointTrajectory and MarkerArray
R111,ORB-SLAM3-ROS2-Docker,suchetanrs/ORB-SLAM3-ROS2-Docker,https://github.com/suchetanrs/ORB-SLAM3-ROS2-Docker,This repository contains a full wrapper class for running ORB-SLAM3 on a docker container with ROS2 Humble with Ubuntu 22.04.,6762.0,2024-03-03T13:28:04Z,2024-07-05T03:15:34Z,C++,19.0,PoseStamped and Odometry and CameraInfo and Imu and PointCloud2 and MapData,Grounded,,,Navigation and Simulation,,PoseStamped and Odometry and CameraInfo and Imu and PointCloud2 and MapData
R116,scout_ros2,westonrobot/scout_ros2,https://github.com/westonrobot/scout_ros2,ROS2 Support Package for Scout Robot,13993.0,2021-09-14T03:06:48Z,2024-05-07T14:11:46Z,C++,34.0,Twist and Odometry and ScoutLightCmd and ScoutStatus,Grounded,NO,Single,Driver,Education,Twist and Odometry and ScoutLightCmd and ScoutStatus
R118,zed-ros2-examples,stereolabs/zed-ros2-examples,https://github.com/stereolabs/zed-ros2-examples,A collection of examples and tutorials to illustrate how to better use the ZED cameras in the ROS2 framework,5749.0,2020-09-28T07:47:18Z,2024-07-02T18:32:22Z,C++,21.0,PoseStamped and Odometry and Image and PointCloud2,,NO,,Education and Visualization,,PoseStamped and Odometry and Image and PointCloud2
R120,psdk_ros2,umdlife/psdk_ros2,https://github.com/umdlife/psdk_ros2,This repository is a ROS 2 wrapper for the DJI PSDK libraries.,5290.0,2023-02-08T13:38:42Z,2024-07-03T07:28:20Z,C++,13.0,geometry_msgs::msg::AccelStamped and geometry_msgs::msg::QuaternionStamped and geometry_msgs::msg::TwistStamped and geometry_msgs::msg::Vector3Stamped and psdk_interfaces::msg::ControlMode and psdk_interfaces::msg::DisplayMode and psdk_interfaces::msg::EscData and psdk_interfaces::msg::FlightAnomaly and psdk_interfaces::msg::FlightStatus and psdk_interfaces::msg::GPSDetails and psdk_interfaces::msg::GimbalRotation and psdk_interfaces::msg::GimbalStatus and psdk_interfaces::msg::HmsInfoTable and psdk_interfaces::msg::PerceptionCameraParameters and psdk_interfaces::msg::PositionFused and psdk_interfaces::msg::RCConnectionStatus and psdk_interfaces::msg::RTKYaw and psdk_interfaces::msg::RelativeObstacleInfo and psdk_interfaces::msg::SingleBatteryInfo and sensor_msgs::msg::BatteryState and sensor_msgs::msg::Image and sensor_msgs::msg::Imu and sensor_msgs::msg::Joy and sensor_msgs::msg::MagneticField and sensor_msgs::msg::NavSatFix and std_msgs::msg::Bool and std_msgs::msg::Float32 and std_msgs::msg::UInt16 and std_msgs::msg::UInt8,Aerial,NO,Single,Driver,,AccelStamped and QuaternionStamped and TwistStamped and Vector3Stamped and ControlMode and DisplayMode and EscData and FlightAnomaly and FlightStatus and GPSDetails and GimbalRotation and GimbalStatus and HmsInfoTable and PerceptionCameraParameters and PositionFused and RCConnectionStatus and RTKYaw and RelativeObstacleInfo and SingleBatteryInfo and BatteryState and Image and Imu and Joy and MagneticField and NavSatFix and Bool and Float32 and UInt16 and UInt8
R135,ros_to_ros2_talk_examples,fmrico/ros_to_ros2_talk_examples,https://github.com/fmrico/ros_to_ros2_talk_examples,,41095.0,2020-01-19T08:47:37Z,2024-05-14T07:34:23Z,C++,17.0,Float64 and String,,,,Education,,Float64 and String
R136,OpenRobotics,duyongquan/OpenRobotics,https://github.com/duyongquan/OpenRobotics,ROS2 navigaiton tutorials and do quadruped robot,564241.0,2022-11-17T05:54:31Z,2024-06-25T04:22:42Z,C++,12.0,ComputePathToPoseResult and gazebo_msgs::msg::ModelStates and geometry_msgs::msg::PointStamped and geometry_msgs::msg::PoseArray and geometry_msgs::msg::PoseStamped and geometry_msgs::msg::PoseWithCovarianceStamped and geometry_msgs::msg::TwistStamped and grid_map_msgs::msg::GridMap and nav_msgs::msg::OccupancyGrid and nav_msgs::msg::Odometry and nav_msgs::msg::Path and pcl_msgs::msg::PolygonMesh and quad_msgs::msg::BodyPlan and quad_msgs::msg::ContactMode and sensor_msgs::msg::BatteryState and sensor_msgs::msg::Image and sensor_msgs::msg::PointCloud and sensor_msgs::msg::PointCloud2 and std_msgs::msg::Int32 and std_msgs::msg::String and visualization_msgs::msg::Marker and visualization_msgs::msg::MarkerArray,Grounded,NO,Single,Education and Navigation,,ComputePathToPoseResult and ModelStates and PointStamped and PoseArray and PoseStamped and PoseWithCovarianceStamped and TwistStamped and GridMap and OccupancyGrid and Odometry and Path and PolygonMesh and BodyPlan and ContactMode and BatteryState and Image and PointCloud and PointCloud2 and Int32 and String and Marker and MarkerArray
R138,turtlebot3_drlnav,tomasvr/turtlebot3_drlnav,https://github.com/tomasvr/turtlebot3_drlnav,A ROS2-based framework for TurtleBot3 DRL autonomous navigation,65093.0,2022-12-15T08:58:56Z,2024-07-03T07:50:21Z,Makefile,18.0,Twist and Odometry and JointState and LaserScan and TFMessage,Grounded,NO,Single,Navigation and Simulation,,Twist and Odometry and JointState and LaserScan and TFMessage
R140,ros2_learners,noshluk2/ros2_learners,https://github.com/noshluk2/ros2_learners,This repository is for ROS2 future developers . This will support everyone to become a good developer .,10822.0,2023-01-05T15:01:08Z,2024-06-19T10:25:34Z,Python,12.0,geometry_msgs::msg::Twist and nav_msgs::msg::OccupancyGrid and nav_msgs::msg::Odometry and sensor_msgs::msg::LaserScan and std_msgs::msg::Int16 and std_msgs::msg::String,,,,Education,,Twist and OccupancyGrid and Odometry and LaserScan and Int16 and String
R147,sick_scan_xd,SICKAG/sick_scan_xd,https://github.com/SICKAG/sick_scan_xd,"Based on the sick_scan drivers for ROS1, sick_scan_xd merges sick_scan, sick_scan2 and sick_scan_base repositories. The driver supports both Linux (native, ROS1, ROS2) and Windows (native and ROS2).",56452.0,2021-10-13T14:05:38Z,2024-07-04T13:35:48Z,C++,81.0,PointCloud2Msg and T and diagnostic_msgs::msg::DiagnosticArray and msgtype and ros_nav_msgs::Odometry and ros_sensor_msgs::Imu and ros_sensor_msgs::LaserScan and ros_sensor_msgs::PointCloud2 and sensor_msgs::msg::PointCloud2 and sick_scan_msg::NAVOdomVelocity and sick_scan_xd::msg::LFErecMsg and sick_scan_xd::msg::LIDoutputstateMsg,,,,Driver,,PointCloud2Msg and T and DiagnosticArray and msgtype and Odometry and Imu and LaserScan and PointCloud2 and PointCloud2 and NAVOdomVelocity and LFErecMsg and LIDoutputstateMsg
R149,kobuki_ros,kobuki-base/kobuki_ros,https://github.com/kobuki-base/kobuki_ros,"ROS2 runtime libraries, nodes and launchers for the Kobuki",8107.0,2020-01-14T05:30:48Z,2024-05-17T06:54:03Z,C++,26.0,geometry_msgs::msg::Twist and kobuki_ros_interfaces::msg::BumperEvent and kobuki_ros_interfaces::msg::ButtonEvent and kobuki_ros_interfaces::msg::CliffEvent and kobuki_ros_interfaces::msg::ControllerInfo and kobuki_ros_interfaces::msg::DigitalInputEvent and kobuki_ros_interfaces::msg::DigitalOutput and kobuki_ros_interfaces::msg::DockInfraRed and kobuki_ros_interfaces::msg::ExternalPower and kobuki_ros_interfaces::msg::KeyboardInput and kobuki_ros_interfaces::msg::Led and kobuki_ros_interfaces::msg::MotorPower and kobuki_ros_interfaces::msg::PowerSystemEvent and kobuki_ros_interfaces::msg::RobotStateEvent and kobuki_ros_interfaces::msg::SensorState and kobuki_ros_interfaces::msg::Sound and kobuki_ros_interfaces::msg::VersionInfo and kobuki_ros_interfaces::msg::WheelDropEvent and nav_msgs::msg::Odometry and sensor_msgs::msg::BatteryState and sensor_msgs::msg::Imu and sensor_msgs::msg::JointState and sensor_msgs::msg::PointCloud2 and std_msgs::msg::Empty and std_msgs::msg::Int16MultiArray and std_msgs::msg::String,Grounded,NO,Single,Driver and Testing/Benchmarking,Education,Twist and BumperEvent and ButtonEvent and CliffEvent and ControllerInfo and DigitalInputEvent and DigitalOutput and DockInfraRed and ExternalPower and KeyboardInput and Led and MotorPower and PowerSystemEvent and RobotStateEvent and SensorState and Sound and VersionInfo and WheelDropEvent and Odometry and BatteryState and Imu and JointState and PointCloud2 and Empty and Int16MultiArray and String
R15,bluespace_ai_xsens_ros_mti_driver,bluespace-ai/bluespace_ai_xsens_ros_mti_driver,https://github.com/bluespace-ai/bluespace_ai_xsens_ros_mti_driver,xsens ros2 driver,5556.0,2021-04-30T22:04:04Z,2024-06-10T09:59:41Z,C++,56.0,geometry_msgs::msg::QuaternionStamped and geometry_msgs::msg::TwistStamped and geometry_msgs::msg::Vector3Stamped and sensor_msgs::msg::FluidPressure and sensor_msgs::msg::Imu and sensor_msgs::msg::MagneticField and sensor_msgs::msg::NavSatFix and sensor_msgs::msg::Temperature and sensor_msgs::msg::TimeReference,,,Single,Driver,,QuaternionStamped and TwistStamped and Vector3Stamped and FluidPressure and Imu and MagneticField and NavSatFix and Temperature and TimeReference
R151,ros2_kitti_publishers,umtclskn/ros2_kitti_publishers,https://github.com/umtclskn/ros2_kitti_publishers,Sample ROS2 publisher application that transforms and publishes the Kitti dataset into the ROS2 messages.,7275.0,2021-02-01T20:21:14Z,2024-07-01T20:34:41Z,C++,14.0,sensor_msgs::msg::Image and sensor_msgs::msg::Imu and sensor_msgs::msg::NavSatFix and sensor_msgs::msg::PointCloud2 and visualization_msgs::msg::MarkerArray,,,,Visualization,Autonomous Vehicle,Image and Imu and NavSatFix and PointCloud2 and MarkerArray
R154,roverrobotics_ros2,RoverRobotics-archive/roverrobotics_ros2,https://github.com/RoverRobotics-archive/roverrobotics_ros2,Packages for running an OpenRover robot on ROS2,10600.0,2019-04-05T19:59:10Z,2024-05-06T06:29:24Z,C++,11.0,geometry_msgs::msg::Twist and msg::RawCommand and msg::RawData and msg::RawMotorCommand and nav_msgs::msg::Odometry and rover_msgs::msg::RawCommand and rover_msgs::msg::RawData and rover_msgs::msg::RawMotorCommand,Grounded,NO,Single,Driver and Simulation,Rescue,Twist and RawCommand and RawData and RawMotorCommand and Odometry and RawCommand and RawData and RawMotorCommand
R159,orca4,clydemcqueen/orca4,https://github.com/clydemcqueen/orca4,"ROS2 AUV based on the BlueROV2, ArduSub and Navigation2",6903.0,2022-06-17T17:19:28Z,2024-07-05T00:15:38Z,C++,17.0,geographic_msgs::msg::GeoPoseStamped and geometry_msgs::msg::PoseStamped and geometry_msgs::msg::Twist and mavros_msgs::msg::OverrideRCIn and mavros_msgs::msg::State and nav_msgs::msg::Odometry and nav_msgs::msg::Path and orca_msgs::msg::Motion and sensor_msgs::msg::CameraInfo,Aquatic,NO,Single,Driver and Navigation and Simulation,Rescue,GeoPoseStamped and PoseStamped and Twist and OverrideRCIn and State and Odometry and Path and Motion and CameraInfo
R170,ros2_computer_vision,jmguerreroh/ros2_computer_vision,https://github.com/jmguerreroh/ros2_computer_vision,Material URJC Robotics Software Engineering Degree - Computer Vision. This project contains code examples for Computer Vision using C++ & OpenCV & PCL in ROS2,213238.0,2022-01-20T08:45:38Z,2024-07-02T15:22:35Z,Python,13.0,sensor_msgs::msg::Image and sensor_msgs::msg::PointCloud2,Grounded,,Single,Education and Navigation and Simulation,,Image and PointCloud2
R172,reference-system,ros-realtime/reference-system,https://github.com/ros-realtime/reference-system,A reference system that simulates real-world systems in order to more fairly compare various configurations of executors and other settings,21621.0,2021-08-27T15:12:57Z,2024-06-20T00:39:02Z,C++,27.0,message_t,,,,Testing/Benchmarking,,message_t
R182,orca3,clydemcqueen/orca3,https://github.com/clydemcqueen/orca3,ROS2 AUV based on the BlueRobotics BlueROV2 and Navigation2,5104.0,2020-10-11T14:17:52Z,2024-07-05T00:14:22Z,C++,14.0,fiducial_vlam_msgs::msg::Map and geometry_msgs::msg::PoseStamped and geometry_msgs::msg::Twist and h264_msgs::msg::Packet and nav_msgs::msg::Odometry and nav_msgs::msg::Path and orb_slam2_ros::msg::Status and orca_msgs::msg::Barometer and orca_msgs::msg::CameraTilt and orca_msgs::msg::Depth and orca_msgs::msg::Lights and orca_msgs::msg::Motion and orca_msgs::msg::Pid and orca_msgs::msg::Status and orca_msgs::msg::Teleop and orca_msgs::msg::Thrust and sensor_msgs::msg::CameraInfo and sensor_msgs::msg::Image and sensor_msgs::msg::Joy,Aquatic,NO,Single,Driver and Navigation and Simulation,Rescue,Map and PoseStamped and Twist and Packet and Odometry and Path and Status and Barometer and CameraTilt and Depth and Lights and Motion and Pid and Status and Teleop and Thrust and CameraInfo and Image and Joy
R186,sjtu_drone,NovoG93/sjtu_drone,https://github.com/NovoG93/sjtu_drone,ROS/ ROS 2 Gazebo quadcopter simulator.,8386.0,2021-09-08T09:41:33Z,2024-06-30T02:30:28Z,Python,55.0,geometry_msgs::msg::Pose and geometry_msgs::msg::Twist and nav_msgs::msg::Odometry and sensor_msgs::msg::Imu and std_msgs::msg::Bool and std_msgs::msg::Empty and std_msgs::msg::Int8 and std_msgs::msg::String,Aerial,NO,Single,Simulation,,Pose and Twist and Odometry and Imu and Bool and Empty and Int8 and String
R199,autoware.universe,autowarefoundation/autoware.universe,https://github.com/autowarefoundation/autoware.universe,,1880416.0,2021-11-19T02:59:37Z,2024-07-05T11:49:33Z,C++,566.0,AccelWithCovarianceStamped and ActuationCommandStamped and ActuationStatusStamped and AutoModeStatus and AutowareEngage and AutowareState and Availability and AvoidanceDebugMsgArray and Bool and BoolStamped and CalibrationStatus and CameraInfo and Cloud2 and ClusterMsgType and CommandSourceMode and CompressedImage and Control and ControlModeReport and ControlValidatorStatus and CooperateStatusArray and DetectedObjects and DetectedObjectsWithFeature and DiagGraphStatus and DiagGraphStruct and DiagnosticArray and DiagnosticStatus and DoorStatusArray and DrivingMonitorStamped and DummyObject and Emergency and Engage and EngageMsg and ErrorStamped and ExpandStopRange and ExternalControlCommand and ExternalGearShift and ExternalHeartbeat and ExternalTurnSignal and Float32 and Float32Array and Float32MultiArray and Float32MultiArrayStamped and Float32Stamped and Float64Stamped and GateMode and GearCommand and GearReport and GeoPoseWithCovariance and HADMapBin and HazardLightsCommand and HazardLightsReport and HazardStatusStamped and Heartbeat and Image and Imu and InfrastructureCommandArray and InitializationState and InputType and Int32 and Int32Stamped and InternalGearShift and InternalHazardSignal and InternalHeartbeat and InternalTurnSignal and IsFilterActivated and LaneletMapBin and LaneletRoute and LocalizationInitializationState and MRMState and Marker and MarkerArray and MessageT and MessageType and MetricArray and MetricArrayMsg and MissionRemainingDistanceTime and ModeChangeAvailable and ModeChangeBase::DebugInfo and MotionState and MrmBehaviorStatus and MrmState and Msg2D and Msg3D and MsgT and NewSignalArrayType and Objects and OccupancyGrid and Odometry and OperationModeAvailability and OperationModeState and OutputT and OutputType and ParticleArray and Path and PathWithLaneId and PlanningFactorArray and PlanningValidatorStatus and PointCloud2 and PointCloudMsgType and PolygonStamped and PoseArray and PoseCovStamped and PoseStamped and PoseWithCovariance and PoseWithCovarianceStamped and PoseWithUuidStamped and PredictedObjects and PrimeMsgT and PublishedTime and RadarScan and RadarTracks and RerouteAvailability and ResourceUsageReport and RosMsgType<TypeIndex and RouteState and SelectorModeMsg and ServiceLog and SimulationEvents and Steering and SteeringFactorArray and SteeringReport and StopSpeedExceeded and String and StringStamped and T and TFMessage and TrackedObjects and TrafficLightArray and TrafficLightGroupArray and TrafficLightRoiArray and TrafficSignalArray and Trajectory and TurnIndicatorsCommand and TurnIndicatorsReport and TwistCovStamped and TwistStamped and TwistWithCovarianceStamped and UserDefinedValue and Vector3Stamped and VehicleEmergencyStamped and VehicleOdometry and VelocityFactorArray and VelocityLimit and VelocityLimitClearCommand and VelocityReport and VirtualTrafficLightStateArray and autoware::universe_utils::ProcessingTimeDetail and autoware_adapi_v1_msgs::msg::DiagGraphStatus and autoware_adapi_v1_msgs::msg::DiagGraphStruct and autoware_adapi_v1_msgs::msg::MrmState and autoware_control_msgs::msg::Control and autoware_control_msgs::msg::ControlHorizon and autoware_control_msgs::msg::Lateral and autoware_internal_debug_msgs::msg::BoolStamped and autoware_internal_debug_msgs::msg::Float32MultiArrayStamped and autoware_internal_debug_msgs::msg::Float32Stamped and autoware_internal_debug_msgs::msg::Float64MultiArrayStamped and autoware_internal_debug_msgs::msg::Float64Stamped and autoware_internal_debug_msgs::msg::Int32Stamped and autoware_internal_debug_msgs::msg::StringStamped and autoware_internal_msgs::msg::MissionRemainingDistanceTime and autoware_internal_msgs::msg::PublishedTime and autoware_internal_planning_msgs::msg::PathWithLaneId and autoware_map_msgs::msg::LaneletMapBin and autoware_map_msgs::msg::PointCloudMapMetaData and autoware_perception_msgs::msg::DetectedObjects and autoware_perception_msgs::msg::PredictedObjects and autoware_perception_msgs::msg::TrackedObjects and autoware_perception_msgs::msg::TrafficLightGroup and autoware_perception_msgs::msg::TrafficLightGroupArray and autoware_planning_msgs::msg::LaneletRoute and autoware_planning_msgs::msg::Path and autoware_planning_msgs::msg::Trajectory and autoware_sensing_msgs::msg::GnssInsOrientationStamped and autoware_vehicle_msgs::msg::Engage and autoware_vehicle_msgs::msg::GearCommand and autoware_vehicle_msgs::msg::GearReport and autoware_vehicle_msgs::msg::HazardLightsCommand and autoware_vehicle_msgs::msg::HazardLightsReport and autoware_vehicle_msgs::msg::SteeringReport and autoware_vehicle_msgs::msg::TurnIndicatorsReport and autoware_vehicle_msgs::msg::VelocityReport and diagnostic_msgs::msg::DiagnosticArray and diagnostic_msgs::msg::DiagnosticStatus and geometry_msgs::msg::AccelWithCovarianceStamped and geometry_msgs::msg::PolygonStamped and geometry_msgs::msg::PoseArray and geometry_msgs::msg::PoseStamped and geometry_msgs::msg::PoseWithCovarianceStamped and geometry_msgs::msg::TwistStamped and geometry_msgs::msg::TwistWithCovarianceStamped and grid_map_msgs::msg::GridMap and nav_msgs::msg::OccupancyGrid and nav_msgs::msg::Odometry and rosgraph_msgs::msg::Clock and sensor_msgs::msg::CameraInfo and sensor_msgs::msg::CompressedImage and sensor_msgs::msg::Image and sensor_msgs::msg::Imu and sensor_msgs::msg::NavSatFix and sensor_msgs::msg::PointCloud2 and std_msgs::msg::Bool and std_msgs::msg::Float32 and std_msgs::msg::Float64 and std_msgs::msg::Header and std_msgs::msg::String and tf2_msgs::msg::TFMessage and tier4_control_msgs::msg::GateMode and tier4_debug_msgs::msg::BoolStamped and tier4_debug_msgs::msg::Float32Stamped and tier4_debug_msgs::msg::Float64Stamped and tier4_external_api_msgs::msg::ControlCommandStamped and tier4_external_api_msgs::msg::CpuUsage and tier4_external_api_msgs::msg::Emergency and tier4_external_api_msgs::msg::GearShiftStamped and tier4_external_api_msgs::msg::Heartbeat and tier4_external_api_msgs::msg::MapHash and tier4_external_api_msgs::msg::TurnSignalStamped and tier4_metric_msgs::msg::MetricArray and tier4_perception_msgs::msg::DetectedObjectsWithFeature and tier4_perception_msgs::msg::DynamicObjectArray and tier4_perception_msgs::msg::TrafficLightArray and tier4_perception_msgs::msg::TrafficLightRoiArray and tier4_planning_msgs::msg::Scenario and tier4_planning_msgs::msg::VelocityLimit and tier4_planning_msgs::msg::VelocityLimitClearCommand and tier4_simulation_msgs::msg::DummyObject and tier4_system_msgs::msg::EmergencyHoldingState and tier4_system_msgs::msg::MrmBehaviorStatus and tier4_system_msgs::msg::OperationModeAvailability and tier4_v2x_msgs::msg::InfrastructureCommandArray and type and typename SpecT::Message and universe_utils::ProcessingTimeDetail and visualization_msgs::msg::Marker and visualization_msgs::msg::MarkerArray,Grounded,NO,,Navigation,Autonomous Vehicle,AccelWithCovarianceStamped and ActuationCommandStamped and ActuationStatusStamped and AutoModeStatus and AutowareEngage and AutowareState and Availability and AvoidanceDebugMsgArray and Bool and BoolStamped and CalibrationStatus and CameraInfo and Cloud2 and ClusterMsgType and CommandSourceMode and CompressedImage and Control and ControlModeReport and ControlValidatorStatus and CooperateStatusArray and DetectedObjects and DetectedObjectsWithFeature and DiagGraphStatus and DiagGraphStruct and DiagnosticArray and DiagnosticStatus and DoorStatusArray and DrivingMonitorStamped and DummyObject and Emergency and Engage and EngageMsg and ErrorStamped and ExpandStopRange and ExternalControlCommand and ExternalGearShift and ExternalHeartbeat and ExternalTurnSignal and Float32 and Float32Array and Float32MultiArray and Float32MultiArrayStamped and Float32Stamped and Float64Stamped and GateMode and GearCommand and GearReport and GeoPoseWithCovariance and HADMapBin and HazardLightsCommand and HazardLightsReport and HazardStatusStamped and Heartbeat and Image and Imu and InfrastructureCommandArray and InitializationState and InputType and Int32 and Int32Stamped and InternalGearShift and InternalHazardSignal and InternalHeartbeat and InternalTurnSignal and IsFilterActivated and LaneletMapBin and LaneletRoute and LocalizationInitializationState and MRMState and Marker and MarkerArray and MessageT and MessageType and MetricArray and MetricArrayMsg and MissionRemainingDistanceTime and ModeChangeAvailable and DebugInfo and MotionState and MrmBehaviorStatus and MrmState and Msg2D and Msg3D and MsgT and NewSignalArrayType and Objects and OccupancyGrid and Odometry and OperationModeAvailability and OperationModeState and OutputT and OutputType and ParticleArray and Path and PathWithLaneId and PlanningFactorArray and PlanningValidatorStatus and PointCloud2 and PointCloudMsgType and PolygonStamped and PoseArray and PoseCovStamped and PoseStamped and PoseWithCovariance and PoseWithCovarianceStamped and PoseWithUuidStamped and PredictedObjects and PrimeMsgT and PublishedTime and RadarScan and RadarTracks and RerouteAvailability and ResourceUsageReport and RosMsgType<TypeIndex and RouteState and SelectorModeMsg and ServiceLog and SimulationEvents and Steering and SteeringFactorArray and SteeringReport and StopSpeedExceeded and String and StringStamped and T and TFMessage and TrackedObjects and TrafficLightArray and TrafficLightGroupArray and TrafficLightRoiArray and TrafficSignalArray and Trajectory and TurnIndicatorsCommand and TurnIndicatorsReport and TwistCovStamped and TwistStamped and TwistWithCovarianceStamped and UserDefinedValue and Vector3Stamped and VehicleEmergencyStamped and VehicleOdometry and VelocityFactorArray and VelocityLimit and VelocityLimitClearCommand and VelocityReport and VirtualTrafficLightStateArray and ProcessingTimeDetail and DiagGraphStatus and DiagGraphStruct and MrmState and Control and ControlHorizon and Lateral and BoolStamped and Float32MultiArrayStamped and Float32Stamped and Float64MultiArrayStamped and Float64Stamped and Int32Stamped and StringStamped and MissionRemainingDistanceTime and PublishedTime and PathWithLaneId and LaneletMapBin and PointCloudMapMetaData and DetectedObjects and PredictedObjects and TrackedObjects and TrafficLightGroup and TrafficLightGroupArray and LaneletRoute and Path and Trajectory and GnssInsOrientationStamped and Engage and GearCommand and GearReport and HazardLightsCommand and HazardLightsReport and SteeringReport and TurnIndicatorsReport and VelocityReport and DiagnosticArray and DiagnosticStatus and AccelWithCovarianceStamped and PolygonStamped and PoseArray and PoseStamped and PoseWithCovarianceStamped and TwistStamped and TwistWithCovarianceStamped and GridMap and OccupancyGrid and Odometry and Clock and CameraInfo and CompressedImage and Image and Imu and NavSatFix and PointCloud2 and Bool and Float32 and Float64 and Header and String and TFMessage and GateMode and BoolStamped and Float32Stamped and Float64Stamped and ControlCommandStamped and CpuUsage and Emergency and GearShiftStamped and Heartbeat and MapHash and TurnSignalStamped and MetricArray and DetectedObjectsWithFeature and DynamicObjectArray and TrafficLightArray and TrafficLightRoiArray and Scenario and VelocityLimit and VelocityLimitClearCommand and DummyObject and EmergencyHoldingState and MrmBehaviorStatus and OperationModeAvailability and InfrastructureCommandArray and type and Message and ProcessingTimeDetail and Marker and MarkerArray
R201,SMACC2,robosoft-ai/SMACC2,https://github.com/robosoft-ai/SMACC2,"An Event-Driven, Asynchronous, Behavioral State Machine Library for ROS2 (Robotic Operating System) applications written in C++ ",43357.0,2020-09-30T18:19:36Z,2024-07-05T07:31:52Z,C++,36.0,MessageType and T and TMessage and bond::msg::Status and geometry_msgs::msg::PoseWithCovarianceStamped and geometry_msgs::msg::Twist and lifecycle_msgs::msg::TransitionEvent and nav_msgs::msg::Odometry and nav_msgs::msg::Path and sensor_msgs::msg::JointState and sensor_msgs::msg::Temperature and smacc2_msgs::msg::SmaccStateMachine and smacc2_msgs::msg::SmaccStatus and smacc2_msgs::msg::SmaccTransitionLogEntry and std_msgs::msg::Float32 and std_msgs::msg::String and visualization_msgs::msg::MarkerArray,,YES,Single,Driver and Manipulation,,MessageType and T and TMessage and Status and PoseWithCovarianceStamped and Twist and TransitionEvent and Odometry and Path and JointState and Temperature and SmaccStateMachine and SmaccStatus and SmaccTransitionLogEntry and Float32 and String and MarkerArray
R208,neuronbot2,Adlink-ROS/neuronbot2,https://github.com/Adlink-ROS/neuronbot2,"NeuronBot2 is the newest version of NeuronBot made by Adlink, which fully supports ROS1 and ROS2.",45213.0,2019-11-15T10:08:26Z,2024-07-05T03:36:10Z,Python,38.0,geometry_msgs::msg::Twist and nav_msgs::msg::Odometry and sensor_msgs::msg::Imu and sensor_msgs::msg::MagneticField,Grounded,NO,Single,Driver and Navigation,Autonomous Vehicle,Twist and Odometry and Imu and MagneticField
R212,oxts_ros2_driver,OxfordTechnicalSolutions/oxts_ros2_driver,https://github.com/OxfordTechnicalSolutions/oxts_ros2_driver,ROS2 driver for OxTS Inertial Navigation Systems,18033.0,2021-10-13T12:48:27Z,2024-06-18T02:41:28Z,C,14.0,Message and geometry_msgs::msg::PointStamped and geometry_msgs::msg::TwistStamped and nav_msgs::msg::Odometry and nav_msgs::msg::Path and oxts_msgs::msg::ImuBias and oxts_msgs::msg::LeverArm and oxts_msgs::msg::NavSatRef and oxts_msgs::msg::Ncom and sensor_msgs::msg::Imu and sensor_msgs::msg::NavSatFix and sensor_msgs::msg::TimeReference and std_msgs::msg::String,,NO,,Navigation and Driver,Autonomous Vehicle,Message and PointStamped and TwistStamped and Odometry and Path and ImuBias and LeverArm and NavSatRef and Ncom and Imu and NavSatFix and TimeReference and String
R24,ros2_canopen,ros-industrial/ros2_canopen,https://github.com/ros-industrial/ros2_canopen,CANopen driver framework for ROS2,39434.0,2022-03-28T08:30:05Z,2024-07-04T07:47:05Z,C++,52.0,ControllerCommandMsg and ControllerNMTStateMsg and ControllerStateMsg and canopen_interfaces::msg::COData and sensor_msgs::msg::JointState and std_msgs::msg::String and xyz,Grounded,,,Driver,,ControllerCommandMsg and ControllerNMTStateMsg and ControllerStateMsg and COData and JointState and String and xyz
R25,ORB_SLAM3_ROS2,zang09/ORB_SLAM3_ROS2,https://github.com/zang09/ORB_SLAM3_ROS2,ROS2 wrapping package for orbslam3 library,169551.0,2022-08-04T02:45:04Z,2024-07-05T08:06:13Z,C++,65.0,ImageMsg and ImuMsg,,,,Navigation,,ImageMsg and ImuMsg
R256,ign_moveit2_examples,AndrejOrsula/ign_moveit2_examples,https://github.com/AndrejOrsula/ign_moveit2_examples,C++ and Python examples of using MoveIt 2 inside Ignition Gazebo simulation environment,7509.0,2020-11-01T23:18:13Z,2024-07-03T13:27:50Z,Python,20.0,geometry_msgs::msg::PoseStamped,Grounded,YES,Single,Simulation and Manipulation,Industry,PoseStamped
R26,spot_ros2,bdaiinstitute/spot_ros2,https://github.com/bdaiinstitute/spot_ros2,ROS 2 driver package for Boston Dynamics' Spot,41918.0,2022-04-19T15:12:21Z,2024-07-03T14:34:15Z,C++,50.0,bosdyn_api_msgs::msg::ManipulatorState and geometry_msgs::msg::TwistWithCovarianceStamped and geometry_msgs::msg::Vector3Stamped and nav_msgs::msg::Odometry and sensor_msgs::msg::CameraInfo and sensor_msgs::msg::CompressedImage and sensor_msgs::msg::Image and sensor_msgs::msg::JointState and spot_msgs::msg::BatteryStateArray and spot_msgs::msg::BehaviorFaultState and spot_msgs::msg::EStopStateArray and spot_msgs::msg::FootStateArray and spot_msgs::msg::PowerState and spot_msgs::msg::SystemFaultState and spot_msgs::msg::WiFiState and std_msgs::msg::Float64MultiArray,Grounded,YES,Single,Driver,Education and Rescue,ManipulatorState and TwistWithCovarianceStamped and Vector3Stamped and Odometry and CameraInfo and CompressedImage and Image and JointState and BatteryStateArray and BehaviorFaultState and EStopStateArray and FootStateArray and PowerState and SystemFaultState and WiFiState and Float64MultiArray
R27,xarm_ros2,xArm-Developer/xarm_ros2,https://github.com/xArm-Developer/xarm_ros2,ROS2 developer packages for robotic products from UFACTORY,10880.0,2021-06-15T03:45:59Z,2024-07-05T03:49:41Z,Python,58.0,control_msgs::msg::JointJog and geometry_msgs::msg::TwistStamped and geometry_msgs::msg::WrenchStamped and moveit_msgs::msg::PlanningScene and sensor_msgs::msg::JointState and sensor_msgs::msg::Joy and xarm_msgs::msg::CIOState and xarm_msgs::msg::RobotMsg,Grounded,YES,Single,Simulation,Industry,JointJog and TwistStamped and WrenchStamped and PlanningScene and JointState and Joy and CIOState and RobotMsg
R272,Differential-Drive-Robot,giulioturrisi/Differential-Drive-Robot,https://github.com/giulioturrisi/Differential-Drive-Robot,Path planning and control algorithms for a differential drive robot using ROS2,61017.0,2021-04-24T21:38:27Z,2024-07-03T07:24:06Z,Python,12.0,geometry_msgs::msg::Twist and geometry_msgs::msg::TwistStamped and std_msgs::msg::Float64MultiArray,,NO,,Navigation,Autonomous Vehicle,Twist and TwistStamped and Float64MultiArray
R277,easy_perception_deployment,ros-industrial/easy_perception_deployment,https://github.com/ros-industrial/easy_perception_deployment,A ROS2 package that accelerates the training and deployment of CV models for industries.,34192.0,2020-06-29T02:31:08Z,2024-07-02T07:23:05Z,Python,16.0,epd_msgs::msg::EPDImageClassification and epd_msgs::msg::EPDObjectDetection and epd_msgs::msg::EPDObjectLocalization and epd_msgs::msg::EPDObjectTracking and sensor_msgs::msg::Image,,NO,Single,Education and Object Recognition,,EPDImageClassification and EPDObjectDetection and EPDObjectLocalization and EPDObjectTracking and Image
R284,livox_laser_simulation_RO2,stm32f303ret6/livox_laser_simulation_RO2,https://github.com/stm32f303ret6/livox_laser_simulation_RO2,A ROS2 package to provide gazebo-classic plugin for Livox Series LiDAR,67647.0,2023-04-05T05:12:03Z,2024-06-25T05:22:15Z,C++,12.0,livox_ros_driver2::msg::CustomMsg and sensor_msgs::msg::PointCloud2,Grounded,NO,Single,Simulation and Navigation,Autonomous Vehicle,CustomMsg and PointCloud2
R289,beluga,Ekumen-OS/beluga,https://github.com/Ekumen-OS/beluga,"A general implementation of Monte Carlo Localization (MCL) algorithms written in C++17, and a ROS package that can be used in ROS 1 and ROS 2.",150569.0,2022-10-21T20:30:35Z,2024-07-05T15:07:10Z,C++,10.0,geometry_msgs::msg::PoseArray and geometry_msgs::msg::PoseWithCovarianceStamped and nav_msgs::msg::OccupancyGrid and sensor_msgs::msg::LaserScan and sensor_msgs::msg::PointCloud2 and visualization_msgs::msg::MarkerArray,Grounded,NO,Single,Navigation,Autonomous Vehicle,PoseArray and PoseWithCovarianceStamped and OccupancyGrid and LaserScan and PointCloud2 and MarkerArray
R292,botanbot_sim,NMBURobotics/botanbot_sim,https://github.com/NMBURobotics/botanbot_sim,"Simulation of Botanbot, an Ackermann type robot for agricultural use cases. It is configured to work with 2.5D navigation system vox_nav",105767.0,2021-05-27T09:55:52Z,2024-07-03T06:44:13Z,C++,12.0,geometry_msgs::msg::Twist and geometry_msgs::msg::Vector3Stamped and nav_msgs::msg::Odometry and octomap_msgs::msg::Octomap and sensor_msgs::msg::Imu and sensor_msgs::msg::NavSatFix and sensor_msgs::msg::PointCloud2 and std_msgs::msg::Float32,Grounded,NO,Single,Simulation and Driver,Agriculture,Twist and Vector3Stamped and Odometry and Octomap and Imu and NavSatFix and PointCloud2 and Float32
R296,f1tenth_ws,CL2-UWaterloo/f1tenth_ws,https://github.com/CL2-UWaterloo/f1tenth_ws,"A repository for autonomous racing written in ROS2, designed for the F1TENTH platform. Code can run both in the physical car, as well as simulation with custom launch files.",23040.0,2023-03-20T19:27:41Z,2024-07-04T14:30:32Z,C++,77.0,ackermann_msgs::msg::AckermannDriveStamped and geometry_msgs::msg::PoseStamped and nav_msgs::msg::Odometry and sensor_msgs::msg::LaserScan and visualization_msgs::msg::Marker and visualization_msgs::msg::MarkerArray,Grounded,NO,Single,Navigation,Autonomous Vehicle,AckermannDriveStamped and PoseStamped and Odometry and LaserScan and Marker and MarkerArray
R31,franka_ros2,frankaemika/franka_ros2,https://github.com/frankaemika/franka_ros2,ROS 2 integration for Franka research robots,4440.0,2021-12-13T13:06:18Z,2024-07-05T15:01:12Z,C++,57.0,franka_msgs::msg::FrankaRobotState and geometry_msgs::msg::PoseStamped and geometry_msgs::msg::TwistStamped and geometry_msgs::msg::WrenchStamped and sensor_msgs::msg::JointState,Grounded,YES,Single,Driver,Industry,FrankaRobotState and PoseStamped and TwistStamped and WrenchStamped and JointState
R316,ubr_reloaded,mikeferguson/ubr_reloaded,https://github.com/mikeferguson/ubr_reloaded,Updated packages for the UBR-1,12673.0,2020-05-31T03:13:51Z,2024-06-24T03:25:20Z,C++,12.0,geometry_msgs::msg::Twist and geometry_msgs::msg::TwistStamped and sensor_msgs::msg::CameraInfo and sensor_msgs::msg::JointState and sensor_msgs::msg::Joy and sensor_msgs::msg::PointCloud2,Grounded,YES,Single,Driver and Navigation and Manipulation,Industry,Twist and TwistStamped and CameraInfo and JointState and Joy and PointCloud2
R336,ros_msft_onnx,ms-iot/ros_msft_onnx,https://github.com/ms-iot/ros_msft_onnx,"ONNX Runtime for the Robot Operating System (ROS), works on ROS1 and ROS2",9925.0,2020-08-10T20:59:04Z,2024-05-24T16:45:20Z,C++,10.0,ros_msft_onnx_msgs::msg::DetectedObjectPose and sensor_msgs::msg::Image and visualization_msgs::msg::Marker,,,,Driver,,DetectedObjectPose and Image and Marker
R347,aerostack2,aerostack2/aerostack2,https://github.com/aerostack2/aerostack2,Aerostack2 is a ROS 2 framework developed to create autonomous multi-aerial-robots systems in an easy and powerful way.,7667.0,2022-12-09T10:04:25Z,2024-07-04T15:06:21Z,C++,23.0,BehaviorStatus and MessageT,Aerial,NO,Multiple,Driver,,BehaviorStatus and MessageT
R372,ros_amr_interop,inorbit-ai/ros_amr_interop,https://github.com/inorbit-ai/ros_amr_interop,,7453.0,2021-06-07T16:31:12Z,2024-07-01T13:55:39Z,Python,22.0,geometry_msgs::msg::Vector3,,,Multiple,Driver and Control,,Vector3
R412,easy_manipulation_deployment,ros-industrial/easy_manipulation_deployment,https://github.com/ros-industrial/easy_manipulation_deployment,A ROS2 package that allows rapid digitization of robotic work cells and ease of efficient path-planning of manipulators.,143589.0,2020-06-29T02:35:18Z,2024-07-02T07:23:03Z,C++,13.0,emd_msgs::msg::GraspTask and moveit_msgs::msg::DisplayRobotState and moveit_msgs::msg::PlanningScene and sensor_msgs::msg::JointState and std_msgs::msg::Float64MultiArray and trajectory_msgs::msg::JointTrajectory and visualization_msgs::msg::Marker,Grounded,YES,Single,Manipulation and Object Recognition,Industry,GraspTask and DisplayRobotState and PlanningScene and JointState and Float64MultiArray and JointTrajectory and Marker
R431,yasmin,uleroboticsgroup/yasmin,https://github.com/uleroboticsgroup/yasmin,YASMIN (Yet Another State MachINe),18028.0,2022-05-11T10:21:48Z,2024-06-30T19:00:56Z,C++,20.0,MsgT and yasmin_msgs::msg::StateMachine,,,Single,Control,,MsgT and StateMachine
R492,Plankton,Liquid-ai/Plankton,https://github.com/Liquid-ai/Plankton,Open source simulator for maritime robotics researchers,79642.0,2020-04-05T20:13:09Z,2024-06-22T16:23:04Z,Python,40.0,geometry_msgs::msg::Accel and geometry_msgs::msg::PoseStamped and geometry_msgs::msg::TwistStamped and geometry_msgs::msg::TwistWithCovarianceStamped and geometry_msgs::msg::Vector3 and geometry_msgs::msg::Vector3Stamped and geometry_msgs::msg::WrenchStamped and nav_msgs::msg::Odometry and sensor_msgs::msg ::MagneticField and sensor_msgs::msg::BatteryState and sensor_msgs::msg::FluidPressure and sensor_msgs::msg::Imu and sensor_msgs::msg::JointState and sensor_msgs::msg::NavSatFix and sensor_msgs::msg::PointCloud and std_msgs::msg::Bool and std_msgs::msg::Float64 and tf2_msgs::msg::TFMessage and uuv_sensor_ros_plugins_msgs::msg::DVL and uuv_sensor_ros_plugins_msgs::msg::Salinity and visualization_msgs::msg::Marker,Aquatic,,,Simulation,,Accel and PoseStamped and TwistStamped and TwistWithCovarianceStamped and Vector3 and Vector3Stamped and WrenchStamped and Odometry and MagneticField and BatteryState and FluidPressure and Imu and JointState and NavSatFix and PointCloud and Bool and Float64 and TFMessage and DVL and Salinity and Marker
R50,YOLOX-ROS,Ar-Ray-code/YOLOX-ROS,https://github.com/Ar-Ray-code/YOLOX-ROS,YOLOX + ROS2 object detection package (C++ only support),22898.0,2021-07-22T04:18:56Z,2024-06-29T19:45:18Z,C++,55.0,bboxes_ex_msgs::msg::BoundingBoxes and vision_msgs::msg::Detection2DArray,,,Single,Object Recognition,,BoundingBoxes and Detection2DArray
R51,VINS-Fusion-ROS2,zinuok/VINS-Fusion-ROS2,https://github.com/zinuok/VINS-Fusion-ROS2,ROS2 version of VINS-Fusion,82639.0,2022-04-22T04:55:48Z,2024-07-04T06:30:19Z,C++,31.0,nav_msgs::msg::Odometry and nav_msgs::msg::Path and sensor_msgs::msg::Image and sensor_msgs::msg::Imu and sensor_msgs::msg::NavSatFix and sensor_msgs::msg::PointCloud and std_msgs::msg::Bool and visualization_msgs::msg::Marker and visualization_msgs::msg::MarkerArray,,,Single,Navigation,,Odometry and Path and Image and Imu and NavSatFix and PointCloud and Bool and Marker and MarkerArray
R528,navigator,Nova-UTD/navigator,https://github.com/Nova-UTD/navigator,"Navigator, our self-driving vehicle software stack",759855.0,2021-03-06T22:44:31Z,2024-06-01T16:04:38Z,C,10.0,CarlaWorldInfo and Clock and Egma and GoalPosition and Masses and MsgType and OccupancyGrid and Path and PointCloud2 and PolygonStamped and PoseStamped and RrtPath and lio_sam::msg::CloudInfo and nav_msgs::msg::Odometry and nova_msgs::msg::CanFrame and sensor_msgs::msg::CompressedImage and sensor_msgs::msg::Imu and sensor_msgs::msg::PointCloud2 and std_msgs::msg::Float32,,NO,,Navigation and Driver,Autonomous Vehicle,CarlaWorldInfo and Clock and Egma and GoalPosition and Masses and MsgType and OccupancyGrid and Path and PointCloud2 and PolygonStamped and PoseStamped and RrtPath and CloudInfo and Odometry and CanFrame and CompressedImage and Imu and PointCloud2 and Float32
R53,pendulum,ros2-realtime-demo/pendulum,https://github.com/ros2-realtime-demo/pendulum,"ROS, ROS2, real-time, control, pendulum",5417.0,2019-10-25T14:54:40Z,2024-07-04T09:16:36Z,C++,36.0,pendulum2_msgs::msg::JointCommand and pendulum2_msgs::msg::JointState and pendulum2_msgs::msg::PendulumTeleop and sensor_msgs::msg::JointState,Grounded,,Single,Education and Driver,,JointCommand and JointState and PendulumTeleop and JointState
R533,autonomous_mobile_robot,jdgalviss/autonomous_mobile_robot,https://github.com/jdgalviss/autonomous_mobile_robot,"Implementation of an autonomous mobile robot with semantic segmentation, object detection, motion planning and control systems",190034.0,2020-07-05T18:15:21Z,2024-06-26T12:17:29Z,Jupyter Notebook,20.0,geometry_msgs::msg::PoseStamped and geometry_msgs::msg::Twist and nav_msgs::msg::Odometry and nav_msgs::msg::Path and sensor_msgs::msg::LaserScan and std_msgs::msg::Bool,Grounded,NO,Single,Navigation and Object Recognition,Autonomous Vehicle,PoseStamped and Twist and Odometry and Path and LaserScan and Bool
R561,AutoCarROS2,winstxnhdw/AutoCarROS2,https://github.com/winstxnhdw/AutoCarROS2,"A virtual simulation platform for autonomous vehicle sensing, mapping, control and behaviour methods using ROS 2 and Gazebo.",85583.0,2021-03-14T15:41:42Z,2024-07-02T12:46:07Z,Python,36.0,nav_msgs::msg::OccupancyGrid and nav_msgs::msg::Odometry and sensor_msgs::msg::LaserScan,Grounded,NO,Single,Simulation and Navigation,Autonomous Vehicle,OccupancyGrid and Odometry and LaserScan
R563,benchmarks,robotperf/benchmarks,https://github.com/robotperf/benchmarks,Benchmarking suite to evaluate ðŸ¤– robotics computing performance. Vendor-neutral. âšªGrey-box and âš«Black-box approaches.,21708.0,2022-12-11T18:29:30Z,2024-07-03T10:24:04Z,Python,16.0,sensor_msgs::msg::PointCloud2 and stereo_msgs::msg::DisparityImage,,,,Testing/Benchmarking,,PointCloud2 and DisparityImage
R57,OrbbecSDK_ROS2,orbbec/OrbbecSDK_ROS2,https://github.com/orbbec/OrbbecSDK_ROS2,OrbbecSDK ROS2 wrapper,217549.0,2023-05-11T02:16:05Z,2024-07-03T14:04:16Z,C++,19.0,CameraInfo and MsgType and PointCloud2 and orbbec_camera_msgs::msg::Extrinsics and orbbec_camera_msgs::msg::IMUInfo and orbbec_camera_msgs::msg::Metadata and sensor_msgs::msg::Image and sensor_msgs::msg::Imu and statistics_msgs::msg::MetricsMessage and std_msgs::msg::String and tf2_msgs::msg::TFMessage,,,,Driver,,CameraInfo and MsgType and PointCloud2 and Extrinsics and IMUInfo and Metadata and Image and Imu and MetricsMessage and String and TFMessage
R58,abb_ros2,PickNikRobotics/abb_ros2,https://github.com/PickNikRobotics/abb_ros2,,7943.0,2022-03-01T15:15:23Z,2024-07-04T20:06:21Z,C++,31.0,abb_rapid_sm_addin_msgs::msg::RuntimeState and abb_robot_msgs::msg::SystemState and sensor_msgs::msg::JointState,Grounded,YES,Single,Driver and Simulation,Industry,RuntimeState and SystemState and JointState
R59,vox_nav,NMBURobotics/vox_nav,https://github.com/NMBURobotics/vox_nav,A navigation system for outdoor robotics in rough uneven terrains.,1020751.0,2020-11-03T02:31:35Z,2024-07-04T08:32:29Z,C++,41.0,geometry_msgs::msg::PoseArray and geometry_msgs::msg::PoseStamped and geometry_msgs::msg::PoseWithCovarianceStamped and geometry_msgs::msg::Twist and grid_map_msgs::msg::GridMap and nav_msgs::msg::Odometry and nav_msgs::msg::Path and octomap_msgs::msg::Octomap and sensor_msgs::msg::Image and sensor_msgs::msg::Imu and sensor_msgs::msg::PointCloud2 and vision_msgs::msg::Detection3D and vision_msgs::msg::Detection3DArray and visualization_msgs::msg::Marker and visualization_msgs::msg::MarkerArray and vox_nav_msgs::msg::ObjectArray,Grounded,NO,Single,Navigation,Agriculture,PoseArray and PoseStamped and PoseWithCovarianceStamped and Twist and GridMap and Odometry and Path and Octomap and Image and Imu and PointCloud2 and Detection3D and Detection3DArray and Marker and MarkerArray and ObjectArray
R590,Robot-Contorl-Qt-GUI-With-ROS,Miker2808/Robot-Contorl-Qt-GUI-With-ROS,https://github.com/Miker2808/Robot-Contorl-Qt-GUI-With-ROS,A GUI developed in Qt for a control of a track  based robot that is connected with ROS,7165.0,2020-12-20T11:42:04Z,2024-06-23T16:22:17Z,QML,16.0,sensor_msgs::msg::NavSatFix and std_msgs::msg::Bool and std_msgs::msg::Float32 and std_msgs::msg::Int32 and std_msgs::msg::String,,,,Visualization,,NavSatFix and Bool and Float32 and Int32 and String
R6,webots_ros2,cyberbotics/webots_ros2,https://github.com/cyberbotics/webots_ros2,Webots ROS 2 packages,56959.0,2019-08-07T08:25:55Z,2024-07-05T13:28:21Z,C,141.0,geometry_msgs::msg::PointStamped and geometry_msgs::msg::Vector3 and geometry_msgs::msg::Vector3Stamped and sensor_msgs::msg::CameraInfo and sensor_msgs::msg::Illuminance and sensor_msgs::msg::Image and sensor_msgs::msg::Imu and sensor_msgs::msg::LaserScan and sensor_msgs::msg::NavSatFix and sensor_msgs::msg::PointCloud2 and sensor_msgs::msg::Range and std_msgs::msg::Bool and std_msgs::msg::Float32 and std_msgs::msg::Int32 and std_msgs::msg::String and vision_msgs::msg::Detection2DArray and webots_ros2_msgs::msg::BoolStamped and webots_ros2_msgs::msg::CameraRecognitionObjects and webots_ros2_msgs::msg::FloatStamped and webots_ros2_msgs::msg::PenInkProperties and webots_ros2_msgs::msg::StringStamped,,,,Navigation,,PointStamped and Vector3 and Vector3Stamped and CameraInfo and Illuminance and Image and Imu and LaserScan and NavSatFix and PointCloud2 and Range and Bool and Float32 and Int32 and String and Detection2DArray and BoolStamped and CameraRecognitionObjects and FloatStamped and PenInkProperties and StringStamped
R64,lbr_fri_ros2_stack,lbr-stack/lbr_fri_ros2_stack,https://github.com/lbr-stack/lbr_fri_ros2_stack,ROS 1/2 integration for KUKA LBR IIWA 7/14 and Med 7/14,82507.0,2019-11-28T13:53:36Z,2024-06-30T11:30:49Z,C++,34.0,geometry_msgs::msg::Pose and geometry_msgs::msg::Twist and lbr_fri_idl::msg::LBRJointPositionCommand and lbr_fri_idl::msg::LBRState and lbr_fri_idl::msg::LBRTorqueCommand and lbr_fri_idl::msg::LBRWrenchCommand,Grounded,YES,Single,Driver and Simulation,Industry,Pose and Twist and LBRJointPositionCommand and LBRState and LBRTorqueCommand and LBRWrenchCommand
R668,SMARTmBOT,SMARTlab-Purdue/SMARTmBOT,https://github.com/SMARTlab-Purdue/SMARTmBOT,"The goal of this repository is to introduce a new, customizable, scalable, and fully opensource mobile robot platform, called SMARTmBOT. This repository provides a guide, and all design files and source codes so that you can build your own SMARTmBOT. SMARTmBOT can be useful for studying the basics of robotics, especially mobile robotics. It can also be used to study advanced topics such as swarm robotics.",297996.0,2021-05-22T03:14:42Z,2024-06-27T05:13:11Z,C++,16.0,M and sensor_msgs::msg::CameraInfo and sensor_msgs::msg::Image and theora_image_transport::msg::Packet,Grounded,NO,Multiple,Education and Driver,Education,M and CameraInfo and Image and Packet
R68,iiwa_ros2,ICube-Robotics/iiwa_ros2,https://github.com/ICube-Robotics/iiwa_ros2,ROS2 stack for KUKA iiwa collaborative robots,14216.0,2022-03-16T15:53:02Z,2024-06-12T23:03:18Z,C++,26.0,CmdType and control_msgs::msg::JointJog and geometry_msgs::msg::PoseStamped and geometry_msgs::msg::TwistStamped and moveit_msgs::msg::PlanningScene and sensor_msgs::msg::Joy and std_msgs::msg::Float64MultiArray and std_msgs::msg::Int8,Grounded,YES,Single,Driver and Simulation,Industry,CmdType and JointJog and PoseStamped and TwistStamped and PlanningScene and Joy and Float64MultiArray and Int8
R77,ros2_shm_msgs,ZhenshengLee/ros2_shm_msgs,https://github.com/ZhenshengLee/ros2_shm_msgs,ROS2 shm_msg based zero-copy for image and pointcloud.,10382.0,2021-07-29T08:14:55Z,2024-07-05T14:33:25Z,C++,21.0,MyAdaptedType and Topic and sensor_msgs::msg::Image and sensor_msgs::msg::PointCloud2,,,,Infrastructure,,MyAdaptedType and Topic and Image and PointCloud2
R9,Universal_Robots_ROS2_Driver,UniversalRobots/Universal_Robots_ROS2_Driver,https://github.com/UniversalRobots/Universal_Robots_ROS2_Driver,Universal Robots ROS2 driver supporting CB3 and e-Series,42468.0,2020-10-29T18:56:15Z,2024-07-03T03:47:34Z,C++,186.0,std_msgs::msg::Bool and std_msgs::msg::Float64 and std_msgs::msg::String and ur_dashboard_msgs::msg::RobotMode and ur_dashboard_msgs::msg::SafetyMode and ur_msgs::msg::IOStates and ur_msgs::msg::ToolDataMsg,Grounded,YES,Single,Driver,Industry,Bool and Float64 and String and RobotMode and SafetyMode and IOStates and ToolDataMsg
R94,ros2_tao_pointpillars,NVIDIA-AI-IOT/ros2_tao_pointpillars,https://github.com/NVIDIA-AI-IOT/ros2_tao_pointpillars,ROS2 node for 3D object detection using TAO-PointPillars.,5615.0,2022-08-05T00:50:08Z,2024-06-30T13:46:05Z,C++,20.0,sensor_msgs::msg::PointCloud2 and vision_msgs::msg::Detection3DArray,,,,Object Recognition,,PointCloud2 and Detection3DArray
R99,hyperdog_ros2,NDHANA94/hyperdog_ros2,https://github.com/NDHANA94/hyperdog_ros2,HyperDog is a quadruped robot which is fully based on ROS 2 and Micro-ROS,5083.0,2022-04-16T19:24:09Z,2024-07-01T09:14:57Z,Python,17.0,hyperdog_msgs::msg::JoyCtrlCmds and nav_msgs::msg::Odometry and sensor_msgs::msg::Joy and std_msgs::msg::Float32MultiArray and std_msgs::msg::Float64MultiArray,Grounded,NO,,Driver and Simulation,Education,JoyCtrlCmds and Odometry and Joy and Float32MultiArray and Float64MultiArray
